rm: 
  timezones: 
    Africa/Addis_Ababa: 
      city: "Addis Abeba"
    Africa/Algiers: 
      city: Algier
    Africa/Asmera: 
      city: Asmara
    Africa/Dar_es_Salaam: 
      city: Daressalam
    Africa/Djibouti: 
      city: Dschibuti
    Africa/El_Aaiun: 
      city: "El Ayun"
    Africa/Khartoum: 
      city: Khartum
    Africa/Lome: 
      city: Lomé
    Africa/Mogadishu: 
      city: Mogadischu
    Africa/Sao_Tome: 
      city: "São Tomé"
    America/Anchorage: 
      city: Alasca
    America/Anguilla: 
      city: "The Valley"
    America/Araguaina: 
      city: Araguaína
    America/Argentina/San_Juan: 
      city: "San Juan, Argentinia"
    America/Argentina/Tucuman: 
      city: Tucumán
    America/Argentina/Ushuaia: 
      city: Ushuaïa
    America/Aruba: 
      city: Oranjestad
    America/Asuncion: 
      city: Asunción
    America/Belem: 
      city: Belém
    America/Belize: 
      city: Belmopan
    America/Cancun: 
      city: Cancún
    America/Cayman: 
      city: "Inslas Cayman"
    America/Coral_Harbour: 
      city: Atikokan
    America/Cordoba: 
      city: Córdoba
    America/Costa_Rica: 
      city: "San José"
    America/Cuiaba: 
      city: Cuiabá
    America/Curacao: 
      city: Curaçao
    America/Eirunepe: 
      city: Eirunepé
    America/El_Salvador: 
      city: Salvador
    America/Godthab: 
      city: Godthåb
    America/Grand_Turk: 
      city: "Cockburn Town"
    America/Guadeloupe: 
      city: Basse-Terre
    America/Indiana/Knox: 
      city: Knox
    America/Indiana/Marengo: 
      city: Marengo
    America/Indiana/Petersburg: 
      city: Petersburg
    America/Indiana/Tell_City: 
      city: "Tell City"
    America/Indiana/Vevay: 
      city: Vevay
    America/Indiana/Vincennes: 
      city: Vincennes
    America/Indiana/Winamac: 
      city: Winamac
    America/Jamaica: 
      city: Giamaica
    America/Jujuy: 
      city: "San Salvador de Jujuy"
    America/Kentucky/Monticello: 
      city: Monticello
    America/Lower_Princes: 
      city: "Lower Prince's Quarter"
    America/Mazatlan: 
      city: Mazatlán
    America/Merida: 
      city: Mérida
    America/Mexico_City: 
      city: "Citad da Mexico"
    America/Miquelon: 
      city: "Saint Pierre"
    America/Montserrat: 
      city: Brades
    America/Noronha: 
      city: "Fernando de Noronha"
    America/North_Dakota/Beulah: 
      city: "Beulah, North Dakota"
    America/North_Dakota/Center: 
      city: "North Dakota (Central)"
    America/North_Dakota/New_Salem: 
      city: "North Dakota (New Salem)"
    America/Port_of_Spain: 
      city: Port-of-Spain
    America/Sao_Paulo: 
      city: "São Paulo"
    America/Scoresbysund: 
      city: Ittoqqortoormiit
    America/St_Barthelemy: 
      city: "St. Barthelemy"
    America/St_Johns: 
      city: "Saint John’s"
    America/St_Kitts: 
      city: "Saint Kitts"
    America/St_Lucia: 
      city: "Santa Lucia"
    America/St_Thomas: 
      city: "Saint Thomas"
    America/St_Vincent: 
      city: "Saint Vincent"
    America/Tortola: 
      city: "Road Town"
    Antarctica/DumontDUrville: 
      city: "Dumont d’Urville"
    Antarctica/McMurdo: 
      city: "Mac Murdo"
    Antarctica/South_Pole: 
      city: "Pol dal Sid"
    Antarctica/Syowa: 
      city: Showa
    Asia/Aqtobe: 
      city: Aqtöbe
    Asia/Ashgabat: 
      city: Aşgabat
    Asia/Baghdad: 
      city: Bagdad
    Asia/Bishkek: 
      city: Bischkek
    Asia/Brunei: 
      city: "Bandar Seri Begawan"
    Asia/Calcutta: 
      city: Kolkata
    Asia/Choibalsan: 
      city: Tschoibalsan
    Asia/Dushanbe: 
      city: Duschanbe
    Asia/Hong_Kong: 
      city: Hongkong
    Asia/Kamchatka: 
      city: Kamtschatka
    Asia/Karachi: 
      city: Karatschi
    Asia/Kashgar: 
      city: Kaschgar
    Asia/Katmandu: 
      city: Kathmandu
    Asia/Krasnoyarsk: 
      city: Krasnojarsk
    Asia/Macau: 
      city: Macao
    Asia/Makassar: 
      city: Macassar
    Asia/Muscat: 
      city: Mascate
    Asia/Novosibirsk: 
      city: Nowosibirsk
    Asia/Riyadh: 
      city: Riyad
    Asia/Saigon: 
      city: "Ho Chi Minh"
    Asia/Sakhalin: 
      city: Sachalin
    Asia/Samarkand: 
      city: Samarcanda
    Asia/Seoul: 
      city: Seul
    Asia/Singapore: 
      city: Singapur
    Asia/Tashkent: 
      city: Taschkent
    Asia/Tehran: 
      city: Teheran
    Asia/Tokyo: 
      city: Tokio
    Asia/Urumqi: 
      city: Ürümqi
    Asia/Yakutsk: 
      city: Jakutsk
    Asia/Yekaterinburg: 
      city: Jekaterinburg
    Asia/Yerevan: 
      city: Jerevan
    Atlantic/Azores: 
      city: Azoras
    Atlantic/Bermuda: 
      city: Bermudas
    Atlantic/Canary: 
      city: "Inslas Canarias"
    Atlantic/Cape_Verde: 
      city: "Cap Verd"
    Atlantic/Faeroe: 
      city: "Inslas Feroe"
    Atlantic/South_Georgia: 
      city: "Georgia dal Sid"
    Atlantic/St_Helena: 
      city: Sontg'elena
    Atlantic/Stanley: 
      city: "Port Stanley"
    Etc/Unknown: 
      city: "zona betg enconuschenta"
    Europe/Athens: 
      city: Athen
    Europe/Brussels: 
      city: Bruxelles
    Europe/Bucharest: 
      city: Bucarest
    Europe/Copenhagen: 
      city: Copenhaghen
    Europe/Guernsey: 
      city: "Saint Peter Port"
    Europe/Isle_of_Man: 
      city: Douglas
    Europe/Jersey: 
      city: "Saint Helier"
    Europe/Lisbon: 
      city: Lissabon
    Europe/London: 
      city: Londra
    Europe/Luxembourg: 
      city: Luxemburg
    Europe/Moscow: 
      city: Moscau
    Europe/Rome: 
      city: Roma
    Europe/Tirane: 
      city: Tirana
    Europe/Uzhgorod: 
      city: Uschgorod
    Europe/Vatican: 
      city: "Citad dal Vatican"
    Europe/Warsaw: 
      city: Varsovia
    Europe/Zaporozhye: 
      city: Saporischja
    Europe/Zurich: 
      city: Turitg
    Indian/Chagos: 
      city: "Diego Garcia"
    Indian/Christmas: 
      city: "Flying Fish Cove"
    Indian/Cocos: 
      city: "West Island"
    Indian/Comoro: 
      city: Comoras
    Indian/Kerguelen: 
      city: Port-aux-Français
    Indian/Maldives: 
      city: Maldivas
    Indian/Reunion: 
      city: Réunion
    Pacific/Easter: 
      city: "Insla da Pasca"
    Pacific/Fiji: 
      city: Fidschi
    Pacific/Galapagos: 
      city: Galápagos
    Pacific/Gambier: 
      city: Rikitea
    Pacific/Guadalcanal: 
      city: Honiara
    Pacific/Guam: 
      city: Hagåtña
    Pacific/Kosrae: 
      city: Tofol
    Pacific/Nauru: 
      city: Yaren
    Pacific/Niue: 
      city: Alofi
    Pacific/Norfolk: 
      city: Kingston
    Pacific/Noumea: 
      city: Nouméa
    Pacific/Palau: 
      city: Melekok
    Pacific/Ponape: 
      city: Palikir
    Pacific/Tarawa: 
      city: "South Tarawa"
    Pacific/Tongatapu: 
      city: Nukuʻalofa
    Pacific/Truk: 
      city: Weno
    Pacific/Wallis: 
      city: Matāʻutu