ia: 
  timezones: 
    Africa/Asmera: 
      city: Asmara
    Africa/Djibouti: 
      city: Djibuti
    America/Coral_Harbour: 
      city: Atikokan
    America/Godthab: 
      city: Nuuk
    America/Grenada: 
      city: Granada
    America/Indiana/Knox: 
      city: "Knox, Indiana"
    America/Indiana/Marengo: 
      city: "Marengo, Indiana"
    America/Indiana/Petersburg: 
      city: "Petersburg, Indiana"
    America/Indiana/Tell_City: 
      city: "Tell City, Indiana"
    America/Indiana/Vevay: 
      city: "Vevay, Indiana"
    America/Indiana/Vincennes: 
      city: "Vincennes, Indiana"
    America/Indiana/Winamac: 
      city: "Winamac, Indiana"
    America/Kentucky/Monticello: 
      city: "Monticello, Kentucky"
    America/Lower_Princes: 
      city: "Lower Prince's Quarter"
    America/Martinique: 
      city: Martinica
    America/North_Dakota/Beulah: 
      city: "Beulah, North Dakota"
    America/North_Dakota/Center: 
      city: "Center, North Dakota"
    America/North_Dakota/New_Salem: 
      city: "New Salem, North Dakota"
    America/Puerto_Rico: 
      city: "Porto Rico"
    America/Scoresbysund: 
      city: Ittoqqortoormiit
    America/St_Barthelemy: 
      city: "St. Barthelemy"
    America/St_Johns: 
      city: "St. John’s"
    America/St_Kitts: 
      city: "St. Kitts"
    America/St_Lucia: 
      city: "St. Lucia"
    America/St_Thomas: 
      city: "St. Thomas"
    America/St_Vincent: 
      city: "St. Vincent"
    Antarctica/DumontDUrville: 
      city: "Dumont d’Urville"
    Asia/Calcutta: 
      city: Kolkata
    Asia/Hong_Kong: 
      city: Hongkong
    Asia/Katmandu: 
      city: Kathmandu
    Asia/Saigon: 
      city: "Ho Chi Minh"
    Atlantic/Cape_Verde: 
      city: "Capo Verde"
    Atlantic/Faeroe: 
      city: Faroe
    Atlantic/St_Helena: 
      city: "St. Helena"
    Etc/Unknown: 
      city: Unknown
    Europe/Luxembourg: 
      city: Luxemburg
    Indian/Maldives: 
      city: Maldivas
    Indian/Mauritius: 
      city: Mauritio
    Indian/Mayotte: 
      city: Mayotta
    Pacific/Pitcairn: 
      city: "Insula Pitcairn"
    Pacific/Ponape: 
      city: Pohnpei
    Pacific/Truk: 
      city: Chuuk